Language,Cosine_Similarity
lug,0.99970686
pcm,0.9991861
tsn,0.99917567
swa,0.99911195
twi,0.9991059
bam,0.9990383
kin,0.998952
nya,0.99874514
wol,0.9986824
ewe,0.99865264
ibo,0.9983449
luo,0.99834335
zul,0.99831027
hau,0.9982947
xho,0.9981272
mos,0.99783725
bbj,0.99777555
sna,0.9974861
fon,0.9968764
yor,0.9961931
