Language,Cosine_Similarity
lug,0.99950135
pcm,0.9990958
swa,0.9990049
tsn,0.9990045
twi,0.9989546
kin,0.9988607
bam,0.9988475
wol,0.9984295
ewe,0.9984239
nya,0.99837446
luo,0.99825037
hau,0.9981797
ibo,0.9980457
zul,0.9980448
xho,0.99760896
mos,0.99751246
bbj,0.9974458
sna,0.99704385
fon,0.99649626
yor,0.99591434
