Language,Cosine_Similarity
lug,0.9993728
kin,0.9993505
sna,0.9991147
tsn,0.99898756
luo,0.99895203
nya,0.9987769
wol,0.9985657
ibo,0.9980149
pcm,0.9978745
ewe,0.9974026
mos,0.99671197
xho,0.9964251
yor,0.99627364
zul,0.9960539
bam,0.99558663
twi,0.9953632
hau,0.9950022
bbj,0.9949964
fon,0.99427783
swa,0.99395025
