Language,Cosine_Similarity
lug,0.95402026
kin,0.9492968
twi,0.9341994
luo,0.93047214
swa,0.9268852
bam,0.9237987
ewe,0.91937506
ibo,0.9181492
nya,0.9165572
tsn,0.9100531
pcm,0.89862716
hau,0.88633883
mos,0.8855791
zul,0.8810326
sna,0.8711556
xho,0.87060153
wol,0.86450714
fon,0.8424691
bbj,0.8305107
yor,0.7683251
