Language,Cosine_Similarity
kin,0.9989729
lug,0.998963
sna,0.9987067
tsn,0.9986648
luo,0.9985749
nya,0.9983034
wol,0.99821043
pcm,0.99759144
ibo,0.9975696
ewe,0.99709547
mos,0.9963206
xho,0.9959397
yor,0.9959388
zul,0.9955389
bam,0.99513793
twi,0.99487597
bbj,0.994524
hau,0.9944669
fon,0.9938409
swa,0.9933342
