Language,Cosine_Similarity
lug,0.961637
kin,0.94346786
twi,0.93980193
swa,0.9359261
ewe,0.92694366
luo,0.92526317
bam,0.91906595
ibo,0.9123228
nya,0.9102545
pcm,0.90908074
tsn,0.9062647
mos,0.8732181
hau,0.87213725
zul,0.8669547
sna,0.8609179
wol,0.8535886
xho,0.84966105
fon,0.8351705
bbj,0.81588364
yor,0.7542175
