Language,Cosine_Similarity
lug,0.9995223
pcm,0.9990963
swa,0.9990572
tsn,0.9990502
twi,0.99899906
kin,0.99892086
bam,0.9988824
ewe,0.998462
wol,0.9984524
nya,0.99844885
luo,0.9982643
hau,0.9982338
zul,0.99814045
ibo,0.9980743
xho,0.997725
mos,0.9975656
bbj,0.9974997
sna,0.9971169
fon,0.99655956
yor,0.995947
