Language,Cosine_Similarity
lug,0.99952096
pcm,0.99911386
tsn,0.999039
swa,0.99902785
twi,0.99898565
kin,0.99891496
bam,0.99888533
wol,0.9984781
ewe,0.9984682
nya,0.99841964
luo,0.99831104
hau,0.9981876
ibo,0.99810535
zul,0.9981004
xho,0.99767315
mos,0.99757344
bbj,0.99750775
sna,0.99710023
fon,0.9965669
yor,0.9959898
