Language,Cosine_Similarity
lug,0.9995914
pcm,0.9991137
tsn,0.9990389
twi,0.9989855
swa,0.9989795
bam,0.9988853
kin,0.9988576
wol,0.99847806
ewe,0.99846816
nya,0.9984627
luo,0.9982506
hau,0.9981805
ibo,0.99811363
zul,0.9981002
xho,0.997673
mos,0.99757344
bbj,0.9975075
sna,0.99717873
fon,0.99656683
yor,0.99581766
