Language,Cosine_Similarity
lug,0.9994876
kin,0.9994488
sna,0.9992681
tsn,0.9991182
luo,0.99909115
nya,0.99896866
wol,0.9986483
ibo,0.99817
pcm,0.99808204
ewe,0.99751174
mos,0.9969412
xho,0.9967831
zul,0.99652416
yor,0.9962583
bam,0.99575734
twi,0.99571854
hau,0.9951402
bbj,0.99512374
swa,0.99442345
fon,0.9943905
