Language,Cosine_Similarity
lug,0.9995292
pcm,0.9991079
tsn,0.999039
swa,0.9990288
twi,0.99898565
kin,0.998926
bam,0.99888533
wol,0.9984781
ewe,0.9984682
nya,0.9984413
luo,0.99827623
hau,0.99821
ibo,0.9981107
zul,0.9981004
xho,0.9977051
mos,0.99757344
bbj,0.99750775
sna,0.99712074
fon,0.9965669
yor,0.9960243
