Language,Cosine_Similarity
lug,0.9757093
xho,0.96497256
zul,0.9628694
kin,0.96250993
nya,0.93284106
sna,0.9285422
luo,0.9082644
tsn,0.9075163
hau,0.8797256
wol,0.8658767
ibo,0.8602585
ewe,0.8529309
twi,0.85114646
bam,0.8419269
mos,0.8249428
swa,0.7884361
pcm,0.75254506
fon,0.71875745
yor,0.6864674
bbj,0.68384695
