Language,Cosine_Similarity
lug,0.99935776
kin,0.99934286
sna,0.99907166
tsn,0.99896634
luo,0.9989321
nya,0.99877983
wol,0.9985341
ibo,0.9979599
pcm,0.9978496
ewe,0.99739283
mos,0.99668276
xho,0.9964462
yor,0.996269
zul,0.99603987
bam,0.99551964
twi,0.995348
bbj,0.9949612
hau,0.99490815
fon,0.9942665
swa,0.9939271
