Language,Cosine_Similarity
lug,0.9658029
twi,0.93994766
kin,0.9376943
swa,0.93163806
ewe,0.92704046
luo,0.9227363
bam,0.9173276
pcm,0.91124284
ibo,0.9107572
nya,0.9094995
tsn,0.90560365
mos,0.8706574
hau,0.870275
zul,0.8612012
sna,0.85803354
xho,0.8512324
wol,0.84939665
fon,0.8324493
bbj,0.81240845
yor,0.67461663
