Language,Cosine_Similarity
lug,0.9996656
pcm,0.9991137
swa,0.999018
tsn,0.99900454
twi,0.9989547
bam,0.9988475
kin,0.9987395
nya,0.99852103
wol,0.9984296
ewe,0.99842393
hau,0.9980938
luo,0.9980921
ibo,0.9980831
zul,0.9980144
xho,0.99780005
mos,0.9975126
bbj,0.99744576
sna,0.99713826
fon,0.9964964
yor,0.99575996
