Language,Cosine_Similarity
lug,0.9654426
twi,0.93987286
kin,0.9360689
swa,0.92956054
ewe,0.9237472
luo,0.92261577
bam,0.91707075
ibo,0.9108094
nya,0.90987587
pcm,0.90975755
tsn,0.9045274
mos,0.8728528
hau,0.86911726
sna,0.8572306
zul,0.853353
xho,0.85240877
wol,0.8503896
fon,0.8296439
bbj,0.81240845
yor,0.65739965
