Language,Cosine_Similarity
lug,0.9993669
kin,0.9993486
sna,0.9990955
tsn,0.9989778
luo,0.9989433
nya,0.9987693
wol,0.9985533
ibo,0.9979891
pcm,0.99786985
ewe,0.9973943
mos,0.99669266
xho,0.9964487
yor,0.9962685
zul,0.9960471
bam,0.995565
twi,0.9953434
bbj,0.9949872
hau,0.99498284
fon,0.99428993
swa,0.99394
