Language,Cosine_Similarity
lug,0.9994985
kin,0.9993906
sna,0.99921656
tsn,0.99908096
luo,0.9990451
nya,0.99890715
wol,0.99862856
ibo,0.99811614
pcm,0.9979926
ewe,0.9974966
mos,0.9968702
xho,0.99680454
zul,0.9963209
yor,0.99619293
bam,0.99571824
twi,0.9955311
bbj,0.99507517
hau,0.99505806
fon,0.9943736
swa,0.99421644
