Language,Cosine_Similarity
lug,0.96310353
xho,0.9579612
zul,0.95559704
kin,0.95142794
nya,0.9223657
sna,0.91745305
luo,0.90399706
tsn,0.89648795
hau,0.87801707
wol,0.866282
ibo,0.85123205
ewe,0.841269
bam,0.83507854
twi,0.8338666
mos,0.8116309
swa,0.77395606
pcm,0.7433888
fon,0.709702
yor,0.68906265
bbj,0.6779423
