Language,Cosine_Similarity
lug,0.99898577
kin,0.9989006
sna,0.99874854
tsn,0.99865186
luo,0.9985917
nya,0.99831635
wol,0.9982316
ibo,0.99768835
pcm,0.997673
ewe,0.99708766
mos,0.99641716
xho,0.99619085
zul,0.99580663
yor,0.9958004
bam,0.9951971
twi,0.99497664
bbj,0.9945587
hau,0.99441206
fon,0.9937666
swa,0.99334437
