Language,Cosine_Similarity
lug,0.99951994
pcm,0.9991137
swa,0.99903935
tsn,0.9990389
twi,0.9989855
kin,0.9988861
bam,0.9988853
wol,0.99847806
ewe,0.99846816
nya,0.9984489
luo,0.99829644
hau,0.9982387
zul,0.9981002
ibo,0.9980942
xho,0.997673
mos,0.99757344
bbj,0.9975075
sna,0.9971179
fon,0.99656683
yor,0.9959517
