Language,Cosine_Similarity
lug,0.9995013
pcm,0.99909586
tsn,0.99900454
swa,0.9989825
twi,0.9989547
bam,0.9988475
kin,0.9987464
wol,0.9984296
ewe,0.99842393
nya,0.99841166
luo,0.99825037
hau,0.9981625
zul,0.9980448
ibo,0.9980291
xho,0.997609
mos,0.9975126
bbj,0.99744576
sna,0.997109
fon,0.9964964
yor,0.9958657
