Language,Cosine_Similarity
kin,0.9993477
lug,0.99934554
sna,0.9990834
tsn,0.99899656
luo,0.99893045
nya,0.9987663
wol,0.99853754
ibo,0.99794453
pcm,0.99784696
ewe,0.99742126
mos,0.9966856
xho,0.9964439
yor,0.99630195
zul,0.99609643
bam,0.9955654
twi,0.9953695
bbj,0.99496853
hau,0.9949358
fon,0.99430364
swa,0.9939196
