Language,Cosine_Similarity
lug,0.9995154
pcm,0.9990717
swa,0.9990395
tsn,0.9990045
twi,0.9989546
kin,0.998899
bam,0.9988475
wol,0.9984295
ewe,0.9984239
nya,0.998414
luo,0.9982529
hau,0.9981984
zul,0.9980485
ibo,0.9980161
xho,0.9976623
mos,0.99751246
bbj,0.9974458
sna,0.9970832
fon,0.99649626
yor,0.9958808
