Language,Cosine_Similarity
lug,0.99932384
kin,0.99930197
sna,0.99905
tsn,0.99893826
luo,0.99889404
nya,0.9987182
wol,0.9985062
ibo,0.99794286
pcm,0.9978406
ewe,0.9973507
mos,0.9966431
xho,0.99643284
yor,0.99621546
zul,0.9960247
bam,0.99550915
twi,0.995282
hau,0.9949259
bbj,0.99491733
fon,0.9942302
swa,0.9938835
