Language,Cosine_Similarity
lug,0.99951994
pcm,0.9991137
tsn,0.9990389
swa,0.9990044
twi,0.9989855
bam,0.9988853
kin,0.9987888
wol,0.99847806
ewe,0.99846816
nya,0.9984571
luo,0.99829644
hau,0.9982014
zul,0.9981002
ibo,0.9980796
xho,0.997673
mos,0.99757344
bbj,0.9975075
sna,0.99717396
fon,0.99656683
yor,0.99594253
