Language,Cosine_Similarity
lug,0.9995201
pcm,0.99911386
tsn,0.999039
swa,0.99902654
twi,0.99898565
kin,0.99890107
bam,0.99888533
wol,0.9984781
ewe,0.9984682
nya,0.99842066
luo,0.9982966
hau,0.99821866
zul,0.9981004
ibo,0.9980959
xho,0.99767315
mos,0.99757344
bbj,0.99750775
sna,0.99710965
fon,0.9965669
yor,0.9959908
