{
  "target": "nyn",
  "desired_group_size": 4,
  "mode": "divisible_pair",
  "cuts": [
    3,
    11
  ],
  "stratum_sizes": [
    4,
    8,
    8
  ],
  "gap_values": [
    0.03463072144522383,
    0.036595661645666744
  ],
  "gap_ranks": [
    4,
    3
  ]
}