Language,Cosine_Similarity
lug,0.9756968
xho,0.9644578
zul,0.9624465
kin,0.9615971
nya,0.93240625
sna,0.9280308
luo,0.91083443
tsn,0.90678716
hau,0.8809471
wol,0.8688935
ibo,0.8601219
ewe,0.8523295
twi,0.8492514
bam,0.84338224
mos,0.8229028
swa,0.78397226
pcm,0.7510488
fon,0.7196537
yor,0.6888534
bbj,0.6849951
