Language,Cosine_Similarity
lug,0.9995753
pcm,0.99909586
tsn,0.99900454
swa,0.9989568
twi,0.9989547
bam,0.9988475
kin,0.9988161
wol,0.9984296
ewe,0.99842393
nya,0.99841744
luo,0.998204
hau,0.9981414
ibo,0.9980637
zul,0.9980448
xho,0.997609
mos,0.9975126
bbj,0.99744576
sna,0.9971138
fon,0.9964964
yor,0.99573934
