Language,Cosine_Similarity
lug,0.9994448
kin,0.99938697
sna,0.9991869
tsn,0.9990571
luo,0.99901664
nya,0.99886936
wol,0.9986106
ibo,0.99809295
pcm,0.9979559
ewe,0.9974715
mos,0.996785
xho,0.9964976
zul,0.99619883
yor,0.9961566
bam,0.9956765
twi,0.9954639
hau,0.9950735
bbj,0.9950578
fon,0.9943681
swa,0.99418795
