Language,Cosine_Similarity
lug,0.96183956
kin,0.94177234
twi,0.93994766
swa,0.9355428
ewe,0.92704046
luo,0.9253639
bam,0.9173275
ibo,0.9120306
pcm,0.9111676
nya,0.90939504
tsn,0.90560365
mos,0.87065744
hau,0.8686689
zul,0.86357737
sna,0.85670906
wol,0.8493967
xho,0.8470887
fon,0.8324494
bbj,0.81240845
yor,0.75154775
