Language,Cosine_Similarity
lug,0.99950206
pcm,0.9990958
swa,0.9990064
tsn,0.9990045
twi,0.9989546
kin,0.998875
bam,0.9988475
wol,0.9984295
ewe,0.9984239
nya,0.9983734
luo,0.9982651
hau,0.998148
ibo,0.9980551
zul,0.9980448
xho,0.99760896
mos,0.99751246
bbj,0.9974458
sna,0.9970344
fon,0.99649626
yor,0.9959133
