Language,Cosine_Similarity
lug,0.9997237
pcm,0.9992158
tsn,0.9991633
swa,0.9991438
twi,0.9990256
bam,0.9989327
kin,0.9988957
nya,0.9986735
wol,0.998599
ewe,0.9983908
ibo,0.9982782
hau,0.9982459
luo,0.9982359
xho,0.9981258
zul,0.99808586
mos,0.9977418
bbj,0.9976527
sna,0.9973537
fon,0.99659395
yor,0.99593997
