Language,Cosine_Similarity
lug,0.9997014
tsn,0.99917567
pcm,0.9991755
twi,0.9991059
swa,0.99906605
bam,0.9990383
kin,0.99894834
nya,0.99872345
wol,0.9986824
ewe,0.99865264
luo,0.9983686
zul,0.9983383
ibo,0.99832463
hau,0.998284
xho,0.99799186
mos,0.99783725
bbj,0.99777555
sna,0.9974591
fon,0.9968764
yor,0.9962756
