Language,Cosine_Similarity
lug,0.9997155
pcm,0.9992108
tsn,0.99920994
swa,0.999146
twi,0.99905795
bam,0.99899143
kin,0.99895775
nya,0.99873674
wol,0.99868464
ewe,0.99846053
ibo,0.99835455
luo,0.9983025
hau,0.9982925
xho,0.99824107
zul,0.9981899
mos,0.997857
bbj,0.99777555
sna,0.99746585
fon,0.99673164
yor,0.9961093
