Language,Cosine_Similarity
lug,0.9781554
xho,0.9639646
kin,0.9626905
zul,0.9621077
nya,0.93324876
sna,0.9288059
tsn,0.90837
luo,0.90689945
hau,0.8796804
wol,0.86435574
ibo,0.8599137
twi,0.8538681
ewe,0.8531623
bam,0.84161484
mos,0.8226162
swa,0.791409
pcm,0.7555679
fon,0.71908283
yor,0.68484807
bbj,0.68056566
