Language,Cosine_Similarity
lug,0.99936223
kin,0.99934435
sna,0.999086
tsn,0.9989727
luo,0.99893844
nya,0.99877805
wol,0.99855024
ibo,0.997973
pcm,0.997852
ewe,0.99738944
mos,0.99667895
xho,0.99643725
yor,0.9962803
zul,0.9960498
bam,0.9955592
twi,0.9953323
bbj,0.99497724
hau,0.9949562
fon,0.99430037
swa,0.9939453
