Language,Cosine_Similarity
lug,0.99958473
tsn,0.99918914
pcm,0.99916023
swa,0.9991308
twi,0.9991226
kin,0.99908745
bam,0.99904037
wol,0.99866474
ewe,0.99865365
nya,0.9986442
luo,0.99846613
hau,0.9983944
zul,0.99838114
ibo,0.9982947
xho,0.99800456
mos,0.9978381
bbj,0.9977756
sna,0.99740857
fon,0.9968779
yor,0.99629587
