Language,Cosine_Similarity
lug,0.99951065
pcm,0.99908996
swa,0.9990072
tsn,0.9990045
twi,0.9989546
kin,0.9988863
bam,0.9988475
wol,0.9984295
ewe,0.9984239
nya,0.9983954
luo,0.99822974
hau,0.9981709
ibo,0.9980606
zul,0.9980448
xho,0.99764144
mos,0.99751246
bbj,0.9974458
sna,0.99705493
fon,0.99649626
yor,0.99594814
