Language,Cosine_Similarity
lug,0.99965674
pcm,0.9991007
tsn,0.99900454
swa,0.998965
twi,0.9989547
bam,0.9988475
kin,0.99872947
nya,0.9984957
wol,0.9984296
ewe,0.99842393
luo,0.9981196
hau,0.9980822
ibo,0.9980625
zul,0.9980448
xho,0.9976535
mos,0.9975126
bbj,0.99744576
sna,0.9971103
fon,0.9964964
yor,0.995854
