Language,Cosine_Similarity
lug,0.9993293
kin,0.99930924
sna,0.99905115
tsn,0.99894273
luo,0.99889785
nya,0.9987419
wol,0.9985094
ibo,0.99793667
pcm,0.99782944
ewe,0.99735385
mos,0.99663824
xho,0.9964361
yor,0.9962372
zul,0.996044
bam,0.9955168
twi,0.9952865
bbj,0.9949202
hau,0.9949162
fon,0.9942541
swa,0.9939142
