Language,Cosine_Similarity
lug,0.99966913
pcm,0.9991183
tsn,0.9990389
swa,0.9989872
twi,0.9989855
bam,0.9988853
kin,0.998772
nya,0.9985398
wol,0.99847806
ewe,0.99846816
luo,0.9981674
hau,0.99812186
ibo,0.9981125
zul,0.9981002
xho,0.99771667
mos,0.99757344
bbj,0.9975075
sna,0.99717546
fon,0.99656683
yor,0.99593174
