Language,Cosine_Similarity
lug,0.9993296
kin,0.99932
sna,0.99905545
tsn,0.99895835
luo,0.99890286
nya,0.9987518
wol,0.9985075
ibo,0.9979362
pcm,0.9978277
ewe,0.9973649
mos,0.9966519
xho,0.9964861
yor,0.9962439
zul,0.99605095
bam,0.9954609
twi,0.995314
bbj,0.9949258
hau,0.99485636
fon,0.9942736
swa,0.9939084
