Language,Cosine_Similarity
lug,0.9995013
pcm,0.99909586
swa,0.9990102
tsn,0.99900454
twi,0.9989547
bam,0.9988475
kin,0.99878544
wol,0.9984296
ewe,0.99842393
nya,0.99840343
luo,0.99825037
hau,0.99819154
zul,0.9980448
ibo,0.9980442
xho,0.997609
mos,0.9975126
bbj,0.99744576
sna,0.99708855
fon,0.9964964
yor,0.99587315
