Language,Cosine_Similarity
lug,0.99950135
pcm,0.9990958
swa,0.99902195
tsn,0.9990045
twi,0.9989546
bam,0.9988475
kin,0.9988394
wol,0.9984295
ewe,0.9984239
nya,0.99840343
luo,0.99825037
hau,0.9981945
zul,0.9980448
ibo,0.9980441
xho,0.99760896
mos,0.99751246
bbj,0.9974458
sna,0.9970466
fon,0.99649626
yor,0.9958789
