Language,Cosine_Similarity
lug,0.99950653
pcm,0.9990832
swa,0.99904084
tsn,0.9990212
twi,0.99897325
kin,0.99888515
bam,0.9988497
ewe,0.99842423
wol,0.9984098
nya,0.99840844
luo,0.99822307
hau,0.9982006
zul,0.9980908
ibo,0.9980302
xho,0.9976671
mos,0.9975129
bbj,0.9974458
sna,0.9970576
fon,0.99649894
yor,0.99587864
