Language,Cosine_Similarity
lug,0.9990061
kin,0.9989818
sna,0.99874437
tsn,0.998652
luo,0.9985935
nya,0.9983222
wol,0.9982497
ibo,0.99765825
pcm,0.99762344
ewe,0.997087
mos,0.9963487
xho,0.99596894
yor,0.9959087
zul,0.9955397
bam,0.99517834
twi,0.9948825
bbj,0.99455863
hau,0.9945505
fon,0.9938345
swa,0.9933693
