Language,Cosine_Similarity
lug,0.999045
kin,0.9989278
sna,0.99875456
tsn,0.99865186
luo,0.998593
nya,0.99831986
wol,0.99824965
ibo,0.99766695
pcm,0.99762803
ewe,0.997087
mos,0.9963518
xho,0.9960317
yor,0.99574715
zul,0.9956483
bam,0.9951782
twi,0.99488246
bbj,0.9945587
hau,0.99448574
fon,0.9938344
swa,0.9934235
