Language,Cosine_Similarity
lug,0.9990104
kin,0.9989921
sna,0.99873304
tsn,0.998652
luo,0.9985957
nya,0.99832875
wol,0.9982442
ibo,0.99763966
pcm,0.9976272
ewe,0.997087
mos,0.9963402
xho,0.9960052
yor,0.99591416
zul,0.99554193
bam,0.9951667
twi,0.9948749
bbj,0.99455863
hau,0.99454683
fon,0.99386036
swa,0.9933823
