Language,Cosine_Similarity
lug,0.9607551
xho,0.9570415
zul,0.95537907
kin,0.95456934
nya,0.92344034
sna,0.91691077
luo,0.9045752
tsn,0.89648795
hau,0.8776318
wol,0.8661218
ibo,0.8491517
ewe,0.84124774
bam,0.8345757
twi,0.83332956
mos,0.8106241
swa,0.7729759
pcm,0.74214125
yor,0.71054935
fon,0.70992774
bbj,0.6779424
