Language,Cosine_Similarity
lug,0.99900967
kin,0.99899375
sna,0.9987269
tsn,0.998652
luo,0.99859697
nya,0.9983462
wol,0.9982454
ibo,0.9976298
pcm,0.9976109
ewe,0.9970871
mos,0.99633193
xho,0.99599457
yor,0.99593556
zul,0.99554724
bam,0.99516886
twi,0.99487114
bbj,0.99455863
hau,0.9945248
fon,0.99388164
swa,0.9933997
