Language,Cosine_Similarity
lug,0.99899966
kin,0.99887544
sna,0.99875456
tsn,0.99864715
luo,0.9985229
nya,0.9983477
wol,0.99824923
ibo,0.9977088
pcm,0.9977074
ewe,0.9970004
mos,0.996319
xho,0.9961033
zul,0.9959399
yor,0.9958
twi,0.9952188
bam,0.9951895
hau,0.9944822
bbj,0.99445146
fon,0.99365216
swa,0.9934162
