Language,Cosine_Similarity
lug,0.999359
kin,0.99934816
sna,0.9990824
tsn,0.9989778
luo,0.9989285
nya,0.9987806
wol,0.99853694
ibo,0.99795717
pcm,0.9978437
ewe,0.9973916
mos,0.99668074
xho,0.9964942
yor,0.9962643
zul,0.9960648
bam,0.9954956
twi,0.995348
bbj,0.99496895
hau,0.994881
fon,0.99430496
swa,0.9939211
