Language,Cosine_Similarity
lug,0.99902034
kin,0.998881
sna,0.9987975
tsn,0.99870217
luo,0.9985474
nya,0.9983854
wol,0.9982699
ibo,0.99772066
pcm,0.9977203
ewe,0.9969172
mos,0.99622464
zul,0.99604744
yor,0.99579805
xho,0.99576306
twi,0.9954874
bam,0.99520546
hau,0.99455565
bbj,0.9944009
fon,0.993733
swa,0.99343204
