Language,Cosine_Similarity
lug,0.95680636
kin,0.94431955
twi,0.9341993
luo,0.92784405
bam,0.92379856
swa,0.9230858
ewe,0.919375
ibo,0.91685265
nya,0.9168266
tsn,0.910053
pcm,0.8988681
hau,0.8882489
mos,0.88557893
zul,0.8785971
xho,0.87485546
sna,0.8729049
wol,0.864507
fon,0.842469
bbj,0.8305106
yor,0.6997781
