Language,Cosine_Similarity
lug,0.99959314
tsn,0.9991757
pcm,0.9991498
swa,0.9991303
twi,0.9991059
kin,0.99909973
bam,0.9990382
wol,0.9986823
ewe,0.99865264
nya,0.99864924
luo,0.9984923
hau,0.99839354
zul,0.9983418
ibo,0.99828196
xho,0.9979999
mos,0.9978371
bbj,0.9977756
sna,0.9974331
fon,0.99687636
yor,0.9962966
