Language,Cosine_Similarity
lug,0.99932295
kin,0.99928606
sna,0.9990542
tsn,0.99893975
luo,0.99888533
nya,0.99870783
wol,0.99851215
ibo,0.9979618
pcm,0.9978297
ewe,0.9973555
mos,0.99665076
xho,0.9964504
yor,0.9962132
zul,0.996051
bam,0.995525
twi,0.9952946
bbj,0.99491996
hau,0.99491656
fon,0.9942104
swa,0.99389464
