Language,Cosine_Similarity
lug,0.96084
xho,0.95732915
zul,0.95580304
kin,0.9522526
nya,0.92255604
sna,0.91760015
luo,0.9039279
tsn,0.89648795
hau,0.87813723
wol,0.8662691
ibo,0.8512342
ewe,0.841269
bam,0.83507854
twi,0.8338666
mos,0.8115039
swa,0.77344286
pcm,0.74389076
fon,0.709702
yor,0.68884516
bbj,0.6779423
