Language,Cosine_Similarity
lug,0.99901277
kin,0.9990019
sna,0.9987168
tsn,0.9986527
luo,0.9986006
nya,0.99835885
wol,0.99823594
ibo,0.9976242
pcm,0.99761295
ewe,0.9970969
mos,0.9963432
xho,0.99600405
yor,0.9959362
zul,0.99553585
bam,0.9951323
twi,0.9948974
bbj,0.99455005
hau,0.9944925
fon,0.9938516
swa,0.9933989
