Language,Cosine_Similarity
lug,0.99895746
kin,0.99889797
sna,0.99874675
tsn,0.9986369
luo,0.9985757
nya,0.99830496
wol,0.9982308
ibo,0.99769634
pcm,0.9976789
ewe,0.9970259
mos,0.9964204
xho,0.9961737
zul,0.99588495
yor,0.99579823
bam,0.9951579
twi,0.995058
bbj,0.9945656
hau,0.99439853
fon,0.99374276
swa,0.9933852
