Language,Cosine_Similarity
lug,0.97973025
kin,0.9608657
xho,0.9601772
zul,0.9601244
nya,0.93390286
sna,0.9289546
tsn,0.9085804
luo,0.90818703
hau,0.877375
wol,0.85950196
ibo,0.857476
twi,0.8527468
ewe,0.8515739
bam,0.8388133
mos,0.81646264
swa,0.7937471
pcm,0.7495322
fon,0.7173594
yor,0.6804624
bbj,0.67716753
