Language,Cosine_Similarity
kin,0.99931824
lug,0.99931663
sna,0.99905574
tsn,0.99897444
luo,0.99889743
nya,0.99873555
wol,0.99850035
ibo,0.99791396
pcm,0.99783486
ewe,0.9973929
mos,0.9966574
xho,0.9964409
yor,0.9962752
zul,0.99609005
bam,0.99552196
twi,0.995329
bbj,0.9949252
hau,0.99490136
fon,0.9942652
swa,0.9939085
