Language,Cosine_Similarity
lug,0.9995862
kin,0.9995031
sna,0.9993572
tsn,0.9992062
luo,0.9991226
nya,0.999106
wol,0.99869657
ibo,0.99821335
pcm,0.9981789
ewe,0.99750125
mos,0.9967935
zul,0.9967293
xho,0.9965251
yor,0.9962879
twi,0.99613094
bam,0.995839
hau,0.9954012
bbj,0.9949854
swa,0.99468696
fon,0.99443376
