Language,Cosine_Similarity
lug,0.9714792
xho,0.96432805
kin,0.96252394
zul,0.96245754
nya,0.93212825
sna,0.927441
luo,0.9107497
tsn,0.9058716
hau,0.88283956
wol,0.87074625
ibo,0.8599971
ewe,0.85116434
twi,0.84793997
bam,0.84272873
mos,0.8206986
swa,0.782278
pcm,0.7517634
fon,0.71956825
yor,0.6914669
bbj,0.68580586
