Language,Cosine_Similarity
lug,0.9990076
kin,0.99897116
sna,0.99874204
tsn,0.998652
luo,0.99858624
nya,0.99831617
wol,0.99824893
ibo,0.9976595
pcm,0.9976172
ewe,0.997087
mos,0.9963488
xho,0.99601454
yor,0.9959105
zul,0.9955634
bam,0.99517834
twi,0.9948825
bbj,0.99455863
hau,0.9945319
fon,0.9938345
swa,0.99339527
