Language,Cosine_Similarity
lug,0.9990075
kin,0.99893063
sna,0.99874717
tsn,0.99865186
luo,0.9985856
nya,0.99831516
wol,0.9982489
ibo,0.9976773
pcm,0.9976243
ewe,0.997087
mos,0.99634874
xho,0.9959498
yor,0.995747
zul,0.9955925
bam,0.9951782
twi,0.99488246
bbj,0.9945587
hau,0.9944933
fon,0.9938344
swa,0.9933946
