Language,Cosine_Similarity
lug,0.9993307
kin,0.9993146
sna,0.9990439
tsn,0.99894434
luo,0.9989022
nya,0.9987525
wol,0.99850154
ibo,0.99793345
pcm,0.9978317
ewe,0.99736476
mos,0.9966509
xho,0.99644846
yor,0.99623966
zul,0.99603796
bam,0.99548393
twi,0.9953116
bbj,0.9949121
hau,0.9948828
fon,0.9942286
swa,0.9939138
