Language,Cosine_Similarity
lug,0.9540202
kin,0.94635624
twi,0.9341993
luo,0.93047214
swa,0.92655194
bam,0.92379856
ewe,0.919375
ibo,0.9170892
nya,0.9168929
tsn,0.910053
pcm,0.89862716
hau,0.8869231
mos,0.88557893
zul,0.88103247
sna,0.8735327
xho,0.8706015
wol,0.864507
fon,0.842469
bbj,0.8305106
yor,0.74959856
